conversion_id,click_id,user_id,ad_id,campaign_id,conversion_type,conversion_value,conversion_time
CONV-0001,CLK-002942,FNP-U05473,AD-001,CMP-001,Deposit,100000,2026-03-18 20:12:30
CONV-0002,CLK-004667,FNP-U08479,AD-013,CMP-004,Deposit,75000,2026-03-04 10:09:13
CONV-0003,CLK-001645,FNP-U01547,AD-017,CMP-005,Deposit,40000,2026-03-26 19:32:19
CONV-0004,CLK-001628,FNP-U00240,AD-002,CMP-001,Signup,0,2026-01-05 07:46:21
CONV-0005,CLK-003864,FNP-U00558,AD-006,CMP-002,Deposit,15000,2026-01-20 10:14:37
CONV-0006,CLK-004244,FNP-U03036,AD-008,CMP-002,Transfer,200000,2026-03-23 14:26:59
CONV-0007,CLK-002736,FNP-U03280,AD-005,CMP-002,Deposit,50000,2026-01-25 22:21:18
CONV-0008,CLK-000938,FNP-U09169,AD-007,CMP-002,Deposit,5000,2026-01-17 10:46:09
CONV-0009,CLK-005888,FNP-U03433,AD-009,CMP-003,Signup,0,2026-03-24 13:47:58
CONV-0010,CLK-001305,FNP-U01334,AD-010,CMP-003,Signup,0,2026-01-20 06:34:05
CONV-0011,CLK-002533,FNP-U06536,AD-009,CMP-003,Signup,0,2026-02-02 21:42:29
CONV-0012,CLK-002395,FNP-U09135,AD-004,CMP-001,Signup,0,2026-02-10 18:23:44
CONV-0013,CLK-005863,FNP-U05428,AD-002,CMP-001,Signup,0,2026-02-11 10:29:22
CONV-0014,CLK-002405,FNP-U01021,AD-013,CMP-004,Bills,7000,2026-01-08 15:06:52
CONV-0015,CLK-003060,FNP-U08076,AD-001,CMP-001,Airtime,500,2026-03-09 20:14:23
CONV-0016,CLK-003815,FNP-U08446,AD-010,CMP-003,Signup,0,2026-03-28 14:23:46
CONV-0017,CLK-001157,FNP-U06868,AD-002,CMP-001,Signup,0,2026-01-15 20:11:11
CONV-0018,CLK-002217,FNP-U03544,AD-019,CMP-005,Deposit,50000,2026-02-20 14:42:03
CONV-0019,CLK-001542,FNP-U00473,AD-014,CMP-004,Signup,0,2026-03-31 06:42:29
CONV-0020,CLK-005060,FNP-U03638,AD-009,CMP-003,Deposit,50000,2026-03-27 14:03:36
CONV-0021,CLK-005127,FNP-U01278,AD-017,CMP-005,Merchant,30000,2026-02-25 15:07:47
CONV-0022,CLK-005991,FNP-U04657,AD-008,CMP-002,Bills,15000,2026-03-05 11:18:51
CONV-0023,CLK-004062,FNP-U09732,AD-014,CMP-004,Deposit,40000,2026-01-05 07:56:42
CONV-0024,CLK-000892,FNP-U07185,AD-017,CMP-005,Deposit,30000,2026-01-21 22:27:43
CONV-0025,CLK-001156,FNP-U08277,AD-009,CMP-003,Signup,0,2026-02-10 10:25:13
CONV-0026,CLK-005854,FNP-U08312,AD-010,CMP-003,Signup,0,2026-03-05 15:11:33
CONV-0027,CLK-002796,FNP-U01326,AD-004,CMP-001,Signup,0,2026-03-11 10:01:53
CONV-0028,CLK-001375,FNP-U00698,AD-008,CMP-002,Deposit,40000,2026-03-08 13:38:51
CONV-0029,CLK-004248,FNP-U04166,AD-024,CMP-006,Deposit,20000,2026-03-19 20:10:54
CONV-0030,CLK-002073,FNP-U07076,AD-002,CMP-001,Deposit,50000,2026-03-30 14:20:07
CONV-0031,CLK-005302,FNP-U08481,AD-001,CMP-001,Signup,0,2026-02-15 00:50:21
CONV-0032,CLK-005073,FNP-U09399,AD-004,CMP-001,Signup,0,2026-03-05 16:06:04
CONV-0033,CLK-003557,FNP-U06617,AD-017,CMP-005,Deposit,75000,2026-01-10 14:29:16
CONV-0034,CLK-003090,FNP-U08853,AD-013,CMP-004,Deposit,75000,2026-03-22 21:28:52
CONV-0035,CLK-003399,FNP-U08046,AD-021,CMP-006,Deposit,5000,2026-01-23 20:48:22
CONV-0036,CLK-001970,FNP-U00412,AD-012,CMP-003,Signup,0,2026-02-25 00:35:45
CONV-0037,CLK-001498,FNP-U05479,AD-018,CMP-005,Merchant,20000,2026-01-11 10:17:39
CONV-0038,CLK-000389,FNP-U03730,AD-007,CMP-002,Deposit,50000,2026-03-11 22:29:05
CONV-0039,CLK-001087,FNP-U07454,AD-021,CMP-006,Deposit,25000,2026-03-03 19:48:10
CONV-0040,CLK-002035,FNP-U06115,AD-009,CMP-003,Signup,0,2026-02-05 14:46:20
CONV-0041,CLK-000886,FNP-U04907,AD-002,CMP-001,Deposit,25000,2026-03-01 09:57:09
CONV-0042,CLK-004415,FNP-U06305,AD-018,CMP-005,Merchant,5000,2026-03-17 22:39:12
CONV-0043,CLK-005695,FNP-U03652,AD-021,CMP-006,Deposit,10000,2026-03-04 19:52:06
CONV-0044,CLK-004995,FNP-U02375,AD-004,CMP-001,Signup,0,2026-03-07 10:58:37
CONV-0045,CLK-005007,FNP-U07646,AD-004,CMP-001,Signup,0,2026-02-02 23:00:08
CONV-0046,CLK-005279,FNP-U07194,AD-011,CMP-003,Signup,0,2026-03-08 22:10:55
CONV-0047,CLK-002417,FNP-U01656,AD-016,CMP-004,Deposit,40000,2026-03-04 09:51:35
CONV-0048,CLK-005070,FNP-U02389,AD-021,CMP-006,Deposit,15000,2026-01-23 10:17:23
CONV-0049,CLK-005401,FNP-U01099,AD-010,CMP-003,Signup,0,2026-02-05 13:38:10
CONV-0050,CLK-002030,FNP-U05515,AD-015,CMP-004,Deposit,10000,2026-03-12 09:35:52
CONV-0051,CLK-004731,FNP-U00736,AD-001,CMP-001,Deposit,20000,2026-01-02 20:00:31
CONV-0052,CLK-000987,FNP-U07109,AD-004,CMP-001,Signup,0,2026-02-10 13:50:03
CONV-0053,CLK-003222,FNP-U03022,AD-012,CMP-003,Signup,0,2026-01-04 20:27:19
CONV-0054,CLK-001051,FNP-U06774,AD-010,CMP-003,Deposit,50000,2026-03-05 22:20:00
CONV-0055,CLK-000581,FNP-U07551,AD-022,CMP-006,Deposit,25000,2026-03-01 00:59:33
CONV-0056,CLK-002902,FNP-U06538,AD-010,CMP-003,Signup,0,2026-01-06 15:06:09
CONV-0057,CLK-002685,FNP-U08562,AD-017,CMP-005,Deposit,10000,2026-02-19 21:56:49
CONV-0058,CLK-004577,FNP-U02016,AD-008,CMP-002,Merchant,30000,2026-01-04 14:15:00
CONV-0059,CLK-003981,FNP-U03934,AD-014,CMP-004,Deposit,50000,2026-02-13 13:57:00
CONV-0060,CLK-000436,FNP-U09590,AD-008,CMP-002,Transfer,10000,2026-01-21 15:15:37
CONV-0061,CLK-003364,FNP-U08219,AD-008,CMP-002,Deposit,100000,2026-01-29 23:36:48
CONV-0062,CLK-000225,FNP-U09001,AD-012,CMP-003,Signup,0,2026-03-14 14:38:11
CONV-0063,CLK-004972,FNP-U08319,AD-014,CMP-004,Deposit,25000,2026-02-13 06:57:46
CONV-0064,CLK-004583,FNP-U02613,AD-002,CMP-001,Signup,0,2026-02-28 11:32:37
CONV-0065,CLK-000493,FNP-U09947,AD-013,CMP-004,Bills,2000,2026-01-15 10:48:16
CONV-0066,CLK-004917,FNP-U00029,AD-003,CMP-001,Signup,0,2026-03-09 00:52:39
CONV-0067,CLK-004193,FNP-U09209,AD-004,CMP-001,Signup,0,2026-02-02 20:10:27
CONV-0068,CLK-001146,FNP-U05914,AD-017,CMP-005,Merchant,20000,2026-01-05 15:18:32
CONV-0069,CLK-005274,FNP-U07542,AD-018,CMP-005,Transfer,20000,2026-03-27 13:42:45
CONV-0070,CLK-000997,FNP-U05111,AD-006,CMP-002,Deposit,40000,2026-02-16 09:23:39
CONV-0071,CLK-001103,FNP-U02608,AD-006,CMP-002,Deposit,15000,2026-02-01 14:16:11
CONV-0072,CLK-003985,FNP-U01235,AD-007,CMP-002,Deposit,5000,2026-03-27 15:12:36
CONV-0073,CLK-003879,FNP-U07091,AD-021,CMP-006,Signup,0,2026-03-02 20:12:59
CONV-0074,CLK-005525,FNP-U07520,AD-001,CMP-001,Deposit,50000,2026-02-05 15:28:25
CONV-0075,CLK-001286,FNP-U09612,AD-021,CMP-006,Signup,0,2026-03-07 20:07:01
CONV-0076,CLK-005306,FNP-U02232,AD-004,CMP-001,Signup,0,2026-03-15 20:25:25
CONV-0077,CLK-002154,FNP-U03668,AD-004,CMP-001,Signup,0,2026-01-29 19:23:37
CONV-0078,CLK-000375,FNP-U03072,AD-020,CMP-005,Deposit,40000,2026-01-10 23:50:34
CONV-0079,CLK-000701,FNP-U06345,AD-008,CMP-002,Deposit,20000,2026-01-29 23:31:16
CONV-0080,CLK-003749,FNP-U07584,AD-004,CMP-001,Signup,0,2026-02-13 22:53:29
CONV-0081,CLK-001835,FNP-U04095,AD-001,CMP-001,Signup,0,2026-01-28 10:38:08
CONV-0082,CLK-001163,FNP-U04704,AD-006,CMP-002,Deposit,20000,2026-03-09 07:48:20
CONV-0083,CLK-004490,FNP-U08987,AD-007,CMP-002,Merchant,50000,2026-03-13 09:49:21
CONV-0084,CLK-001110,FNP-U01721,AD-008,CMP-002,Deposit,20000,2026-01-13 20:22:51
CONV-0085,CLK-001755,FNP-U00690,AD-021,CMP-006,Signup,0,2026-03-01 14:04:22
CONV-0086,CLK-002232,FNP-U04493,AD-017,CMP-005,Deposit,30000,2026-03-03 20:31:52
CONV-0087,CLK-001816,FNP-U04024,AD-008,CMP-002,Deposit,100000,2026-03-03 10:31:17
CONV-0088,CLK-000068,FNP-U05732,AD-008,CMP-002,Transfer,75000,2026-03-14 15:18:37
CONV-0089,CLK-005864,FNP-U06733,AD-018,CMP-005,Merchant,15000,2026-02-27 13:30:02
CONV-0090,CLK-002718,FNP-U04416,AD-014,CMP-004,Signup,0,2026-02-05 02:30:47
CONV-0091,CLK-003913,FNP-U09017,AD-008,CMP-002,Merchant,30000,2026-03-30 15:29:17
CONV-0092,CLK-003403,FNP-U09076,AD-015,CMP-004,Deposit,75000,2026-01-14 14:49:18
CONV-0093,CLK-001207,FNP-U03689,AD-008,CMP-002,Deposit,15000,2026-02-08 19:53:48
CONV-0094,CLK-003603,FNP-U08428,AD-004,CMP-001,Signup,0,2026-01-22 14:44:52
CONV-0095,CLK-005308,FNP-U09143,AD-008,CMP-002,Deposit,40000,2026-03-08 10:53:53
CONV-0096,CLK-005404,FNP-U01311,AD-017,CMP-005,Merchant,30000,2026-03-11 20:03:39
CONV-0097,CLK-001420,FNP-U07766,AD-021,CMP-006,Signup,0,2026-01-12 19:30:09
CONV-0098,CLK-002992,FNP-U07774,AD-006,CMP-002,Deposit,25000,2026-03-09 14:59:15
CONV-0099,CLK-000627,FNP-U02126,AD-009,CMP-003,Signup,0,2026-01-18 19:27:14
CONV-0100,CLK-001483,FNP-U09785,AD-008,CMP-002,Deposit,100000,2026-03-17 10:55:58
CONV-0101,CLK-000774,FNP-U09191,AD-004,CMP-001,Signup,0,2026-01-26 10:24:32
CONV-0102,CLK-000895,FNP-U01936,AD-004,CMP-001,Signup,0,2026-02-19 15:37:19
CONV-0103,CLK-003508,FNP-U08284,AD-012,CMP-003,Signup,0,2026-02-05 15:04:22
CONV-0104,CLK-005965,FNP-U09762,AD-018,CMP-005,Transfer,100000,2026-01-27 10:00:16
CONV-0105,CLK-000152,FNP-U06727,AD-013,CMP-004,Bills,2000,2026-03-29 21:41:28
CONV-0106,CLK-004015,FNP-U08352,AD-015,CMP-004,Signup,0,2026-01-30 15:50:04
CONV-0107,CLK-003900,FNP-U04443,AD-004,CMP-001,Signup,0,2026-03-20 14:01:29
CONV-0108,CLK-000103,FNP-U07405,AD-001,CMP-001,Signup,0,2026-02-08 15:29:02
CONV-0109,CLK-000452,FNP-U02524,AD-008,CMP-002,Deposit,40000,2026-03-21 10:58:49
CONV-0110,CLK-004400,FNP-U01277,AD-006,CMP-002,Deposit,30000,2026-02-18 11:09:20
CONV-0111,CLK-000814,FNP-U01349,AD-001,CMP-001,Signup,0,2026-03-31 23:06:55
CONV-0112,CLK-004507,FNP-U08176,AD-006,CMP-002,Transfer,50000,2026-02-13 22:20:47
CONV-0113,CLK-002135,FNP-U00308,AD-017,CMP-005,Merchant,15000,2026-03-15 21:58:04
CONV-0114,CLK-003183,FNP-U00427,AD-010,CMP-003,Signup,0,2026-03-29 14:51:17
CONV-0115,CLK-001918,FNP-U00559,AD-017,CMP-005,Transfer,75000,2026-02-01 23:06:50
CONV-0116,CLK-001942,FNP-U03283,AD-014,CMP-004,Deposit,75000,2026-01-08 00:48:31
CONV-0117,CLK-005851,FNP-U01759,AD-004,CMP-001,Signup,0,2026-03-12 20:22:11
CONV-0118,CLK-003025,FNP-U02580,AD-010,CMP-003,Signup,0,2026-02-28 07:38:24
CONV-0119,CLK-000345,FNP-U06881,AD-002,CMP-001,Airtime,1000,2026-03-04 07:05:35
CONV-0120,CLK-005267,FNP-U07665,AD-013,CMP-004,Transfer,75000,2026-02-10 09:56:52
CONV-0121,CLK-005677,FNP-U06891,AD-010,CMP-003,Signup,0,2026-02-19 14:17:56
CONV-0122,CLK-002282,FNP-U04058,AD-001,CMP-001,Deposit,100000,2026-03-23 13:22:37
CONV-0123,CLK-001528,FNP-U03793,AD-008,CMP-002,Transfer,200000,2026-02-24 14:58:11
CONV-0124,CLK-005513,FNP-U00310,AD-007,CMP-002,Transfer,75000,2026-03-21 10:10:39
CONV-0125,CLK-003100,FNP-U00892,AD-008,CMP-002,Deposit,40000,2026-02-16 11:01:10
CONV-0126,CLK-002327,FNP-U05158,AD-008,CMP-002,Deposit,25000,2026-01-09 07:01:40
CONV-0127,CLK-003599,FNP-U05365,AD-014,CMP-004,Signup,0,2026-03-20 07:40:28
CONV-0128,CLK-000377,FNP-U00398,AD-002,CMP-001,Signup,0,2026-01-31 19:11:18
CONV-0129,CLK-002039,FNP-U00855,AD-013,CMP-004,Bills,7000,2026-02-14 07:58:52
CONV-0130,CLK-001957,FNP-U09695,AD-018,CMP-005,Deposit,25000,2026-03-08 10:08:39
CONV-0131,CLK-005657,FNP-U07955,AD-002,CMP-001,Signup,0,2026-03-12 08:27:25
CONV-0132,CLK-004346,FNP-U01400,AD-021,CMP-006,Bills,15000,2026-02-08 10:12:22
CONV-0133,CLK-000150,FNP-U05062,AD-023,CMP-006,Deposit,20000,2026-03-21 14:44:41
CONV-0134,CLK-004011,FNP-U01845,AD-004,CMP-001,Deposit,50000,2026-01-13 10:05:26
CONV-0135,CLK-001604,FNP-U08519,AD-010,CMP-003,Signup,0,2026-01-07 20:33:05
CONV-0136,CLK-001086,FNP-U08842,AD-011,CMP-003,Signup,0,2026-02-05 23:08:18
CONV-0137,CLK-005502,FNP-U05271,AD-015,CMP-004,Deposit,15000,2026-03-02 18:40:39
CONV-0138,CLK-005094,FNP-U04604,AD-006,CMP-002,Deposit,15000,2026-01-01 13:33:15
CONV-0139,CLK-001558,FNP-U03087,AD-013,CMP-004,Deposit,15000,2026-03-14 07:47:46
CONV-0140,CLK-005507,FNP-U05823,AD-015,CMP-004,Deposit,10000,2026-03-14 19:10:34
CONV-0141,CLK-001808,FNP-U03543,AD-002,CMP-001,Signup,0,2026-02-17 22:49:33
CONV-0142,CLK-001863,FNP-U06322,AD-003,CMP-001,Signup,0,2026-01-06 18:23:53
CONV-0143,CLK-003080,FNP-U00287,AD-017,CMP-005,Merchant,10000,2026-01-28 22:22:18
CONV-0144,CLK-004510,FNP-U07449,AD-012,CMP-003,Signup,0,2026-01-08 11:57:27
CONV-0145,CLK-004706,FNP-U02508,AD-002,CMP-001,Deposit,40000,2026-02-06 11:51:43
CONV-0146,CLK-000309,FNP-U04283,AD-012,CMP-003,Signup,0,2026-02-15 10:48:10
CONV-0147,CLK-003370,FNP-U02363,AD-002,CMP-001,Signup,0,2026-01-15 13:50:50
CONV-0148,CLK-001798,FNP-U06008,AD-017,CMP-005,Deposit,15000,2026-02-21 14:07:41
CONV-0149,CLK-003925,FNP-U02458,AD-013,CMP-004,Deposit,25000,2026-02-06 18:46:07
CONV-0150,CLK-004570,FNP-U09331,AD-017,CMP-005,Deposit,40000,2026-03-26 07:37:19
CONV-0151,CLK-001991,FNP-U01895,AD-019,CMP-005,Deposit,100000,2026-02-28 11:42:59
CONV-0152,CLK-004617,FNP-U07603,AD-006,CMP-002,Transfer,10000,2026-01-15 10:17:05
CONV-0153,CLK-002461,FNP-U02533,AD-004,CMP-001,Signup,0,2026-02-26 14:14:06
CONV-0154,CLK-002456,FNP-U03935,AD-003,CMP-001,Deposit,50000,2026-02-17 14:40:49
CONV-0155,CLK-000639,FNP-U08896,AD-012,CMP-003,Signup,0,2026-02-12 14:15:21
CONV-0156,CLK-002273,FNP-U07529,AD-008,CMP-002,Transfer,20000,2026-02-20 22:46:45
CONV-0157,CLK-004140,FNP-U04824,AD-017,CMP-005,Deposit,50000,2026-01-13 15:03:22
CONV-0158,CLK-000583,FNP-U03400,AD-013,CMP-004,Signup,0,2026-03-15 23:13:14
CONV-0159,CLK-002885,FNP-U05140,AD-001,CMP-001,Signup,0,2026-02-22 14:17:56
CONV-0160,CLK-003552,FNP-U01328,AD-010,CMP-003,Signup,0,2026-03-02 23:19:09
CONV-0161,CLK-003436,FNP-U02880,AD-010,CMP-003,Signup,0,2026-01-24 14:47:42
CONV-0162,CLK-002213,FNP-U05382,AD-017,CMP-005,Merchant,20000,2026-02-16 14:05:54
CONV-0163,CLK-005913,FNP-U09457,AD-001,CMP-001,Signup,0,2026-01-23 14:18:37
CONV-0164,CLK-004317,FNP-U08327,AD-021,CMP-006,Signup,0,2026-03-11 07:03:41
CONV-0165,CLK-002254,FNP-U05832,AD-005,CMP-002,Transfer,75000,2026-03-12 11:43:24
CONV-0166,CLK-000207,FNP-U08484,AD-002,CMP-001,Deposit,100000,2026-03-04 19:39:31
CONV-0167,CLK-000850,FNP-U08092,AD-011,CMP-003,Signup,0,2026-03-13 11:43:33
CONV-0168,CLK-005575,FNP-U05947,AD-010,CMP-003,Signup,0,2026-01-09 14:24:02
CONV-0169,CLK-000395,FNP-U05845,AD-008,CMP-002,Merchant,50000,2026-01-04 11:38:59
CONV-0170,CLK-005321,FNP-U06438,AD-012,CMP-003,Deposit,10000,2026-03-03 13:36:22
CONV-0171,CLK-001160,FNP-U07884,AD-002,CMP-001,Signup,0,2026-01-18 21:48:39
CONV-0172,CLK-005944,FNP-U09232,AD-015,CMP-004,Deposit,20000,2026-03-21 11:50:36
CONV-0173,CLK-002109,FNP-U09590,AD-008,CMP-002,Transfer,10000,2026-03-30 19:01:20
CONV-0174,CLK-004343,FNP-U08002,AD-021,CMP-006,Signup,0,2026-02-21 23:08:46
CONV-0175,CLK-002041,FNP-U05746,AD-012,CMP-003,Deposit,75000,2026-03-18 10:17:59
CONV-0176,CLK-004601,FNP-U03953,AD-020,CMP-005,Transfer,20000,2026-01-27 10:42:48
CONV-0177,CLK-001452,FNP-U06551,AD-001,CMP-001,Signup,0,2026-03-29 07:57:58
CONV-0178,CLK-002182,FNP-U07492,AD-010,CMP-003,Deposit,50000,2026-03-17 23:12:57
CONV-0179,CLK-003503,FNP-U00425,AD-004,CMP-001,Signup,0,2026-02-14 08:15:11
CONV-0180,CLK-000083,FNP-U04517,AD-017,CMP-005,Deposit,40000,2026-01-06 11:02:53
CONV-0181,CLK-000712,FNP-U08779,AD-006,CMP-002,Merchant,20000,2026-01-06 19:44:58
CONV-0182,CLK-004477,FNP-U08385,AD-001,CMP-001,Signup,0,2026-01-10 22:10:13
CONV-0183,CLK-000523,FNP-U00023,AD-008,CMP-002,Transfer,50000,2026-03-19 14:17:42
CONV-0184,CLK-001678,FNP-U01737,AD-014,CMP-004,Deposit,25000,2026-03-28 14:39:13
CONV-0185,CLK-003049,FNP-U06677,AD-019,CMP-005,Merchant,30000,2026-03-17 14:18:43
CONV-0186,CLK-004704,FNP-U04600,AD-019,CMP-005,Transfer,20000,2026-02-23 20:04:26
CONV-0187,CLK-001844,FNP-U06967,AD-002,CMP-001,Signup,0,2026-03-03 22:47:46
CONV-0188,CLK-004188,FNP-U05962,AD-021,CMP-006,Signup,0,2026-02-07 09:44:20
CONV-0189,CLK-005682,FNP-U08832,AD-022,CMP-006,Deposit,50000,2026-02-20 19:03:16
CONV-0190,CLK-005740,FNP-U06301,AD-006,CMP-002,Transfer,10000,2026-01-31 09:50:48
CONV-0191,CLK-000609,FNP-U02597,AD-006,CMP-002,Bills,2000,2026-01-31 15:40:28
CONV-0192,CLK-004879,FNP-U00638,AD-017,CMP-005,Deposit,30000,2026-03-16 15:30:30
CONV-0193,CLK-001360,FNP-U00657,AD-001,CMP-001,Signup,0,2026-03-19 08:14:45
CONV-0194,CLK-005426,FNP-U07648,AD-017,CMP-005,Deposit,20000,2026-03-14 11:02:51
CONV-0195,CLK-005245,FNP-U09245,AD-001,CMP-001,Deposit,5000,2026-01-09 14:14:03
CONV-0196,CLK-000601,FNP-U01328,AD-001,CMP-001,Signup,0,2026-03-18 00:53:09
CONV-0197,CLK-003244,FNP-U05276,AD-017,CMP-005,Deposit,15000,2026-02-28 11:38:48
CONV-0198,CLK-005754,FNP-U06789,AD-002,CMP-001,Signup,0,2026-01-07 22:46:47
CONV-0199,CLK-003029,FNP-U02773,AD-002,CMP-001,Deposit,10000,2026-03-04 14:14:05
CONV-0200,CLK-001227,FNP-U08170,AD-004,CMP-001,Deposit,75000,2026-02-08 22:58:16
CONV-0201,CLK-001580,FNP-U04099,AD-008,CMP-002,Deposit,20000,2026-03-04 10:14:05
CONV-0202,CLK-001162,FNP-U09688,AD-010,CMP-003,Signup,0,2026-03-15 11:35:52
CONV-0203,CLK-003608,FNP-U07014,AD-014,CMP-004,Signup,0,2026-01-03 10:29:49
CONV-0204,CLK-003331,FNP-U01203,AD-002,CMP-001,Signup,0,2026-02-16 09:59:10
CONV-0205,CLK-002680,FNP-U05478,AD-002,CMP-001,Signup,0,2026-03-26 14:09:49
CONV-0206,CLK-002229,FNP-U03504,AD-007,CMP-002,Transfer,200000,2026-03-14 18:54:00
CONV-0207,CLK-004545,FNP-U07835,AD-018,CMP-005,Merchant,15000,2026-01-22 15:03:18
CONV-0208,CLK-002811,FNP-U03345,AD-010,CMP-003,Signup,0,2026-01-26 10:39:12
CONV-0209,CLK-005275,FNP-U02728,AD-008,CMP-002,Transfer,100000,2026-03-31 20:26:32
CONV-0210,CLK-003858,FNP-U05898,AD-018,CMP-005,Signup,0,2026-02-19 15:22:50
CONV-0211,CLK-002024,FNP-U05904,AD-006,CMP-002,Transfer,200000,2026-01-03 15:20:34
CONV-0212,CLK-000104,FNP-U04068,AD-004,CMP-001,Signup,0,2026-03-24 18:40:39
CONV-0213,CLK-003794,FNP-U01790,AD-015,CMP-004,Transfer,100000,2026-02-16 19:45:20
CONV-0214,CLK-003485,FNP-U01510,AD-010,CMP-003,Signup,0,2026-03-01 10:32:20
CONV-0215,CLK-005834,FNP-U02960,AD-003,CMP-001,Signup,0,2026-02-24 22:28:00
CONV-0216,CLK-001791,FNP-U06381,AD-008,CMP-002,Deposit,40000,2026-02-05 09:52:46
CONV-0217,CLK-000742,FNP-U03614,AD-006,CMP-002,Merchant,5000,2026-01-19 10:08:06
CONV-0218,CLK-001335,FNP-U02927,AD-016,CMP-004,Deposit,25000,2026-01-12 22:55:38
CONV-0219,CLK-004076,FNP-U04588,AD-006,CMP-002,Transfer,10000,2026-03-03 14:10:24
CONV-0220,CLK-005997,FNP-U06378,AD-017,CMP-005,Transfer,20000,2026-01-03 19:51:58
CONV-0221,CLK-005805,FNP-U01745,AD-005,CMP-002,Transfer,20000,2026-03-07 18:27:16
CONV-0222,CLK-005484,FNP-U09581,AD-019,CMP-005,Deposit,75000,2026-03-20 22:39:12
CONV-0223,CLK-000782,FNP-U01004,AD-013,CMP-004,Deposit,20000,2026-01-28 19:06:24
CONV-0224,CLK-000558,FNP-U03774,AD-015,CMP-004,Deposit,20000,2026-03-02 07:44:02
CONV-0225,CLK-002383,FNP-U05836,AD-004,CMP-001,Deposit,100000,2026-03-13 14:52:01
CONV-0226,CLK-005857,FNP-U07948,AD-008,CMP-002,Transfer,50000,2026-03-14 22:05:26
CONV-0227,CLK-000149,FNP-U07449,AD-015,CMP-004,Bills,5000,2026-01-11 14:40:36
CONV-0228,CLK-005734,FNP-U04746,AD-015,CMP-004,Deposit,10000,2026-02-03 23:10:58
CONV-0229,CLK-004093,FNP-U03456,AD-006,CMP-002,Deposit,75000,2026-03-07 15:22:10
CONV-0230,CLK-002750,FNP-U00909,AD-018,CMP-005,Deposit,10000,2026-01-13 20:43:41
CONV-0231,CLK-003472,FNP-U09777,AD-003,CMP-001,Deposit,75000,2026-02-11 11:01:58
CONV-0232,CLK-004524,FNP-U04943,AD-014,CMP-004,Deposit,20000,2026-01-11 06:49:35
CONV-0233,CLK-005627,FNP-U06571,AD-008,CMP-002,Transfer,200000,2026-01-08 09:40:08
CONV-0234,CLK-001350,FNP-U06060,AD-017,CMP-005,Transfer,20000,2026-02-05 19:18:52
CONV-0235,CLK-000048,FNP-U03593,AD-004,CMP-001,Signup,0,2026-01-04 10:09:09
CONV-0236,CLK-004221,FNP-U02718,AD-012,CMP-003,Signup,0,2026-03-26 09:39:53
CONV-0237,CLK-001822,FNP-U06874,AD-012,CMP-003,Deposit,40000,2026-03-05 11:03:56
CONV-0238,CLK-004740,FNP-U07382,AD-017,CMP-005,Deposit,25000,2026-02-09 19:12:22
CONV-0239,CLK-004328,FNP-U03331,AD-011,CMP-003,Deposit,25000,2026-01-03 22:12:40
CONV-0240,CLK-004124,FNP-U03723,AD-008,CMP-002,Deposit,20000,2026-03-20 20:19:49
CONV-0241,CLK-003649,FNP-U09168,AD-007,CMP-002,Deposit,20000,2026-01-03 13:29:00
CONV-0242,CLK-000268,FNP-U06108,AD-001,CMP-001,Deposit,5000,2026-01-07 06:41:50
CONV-0243,CLK-002074,FNP-U00541,AD-021,CMP-006,Deposit,25000,2026-02-13 09:43:26
CONV-0244,CLK-003348,FNP-U00921,AD-004,CMP-001,Signup,0,2026-02-20 22:32:59
CONV-0245,CLK-003703,FNP-U02286,AD-024,CMP-006,Bills,15000,2026-02-16 18:53:00
CONV-0246,CLK-003665,FNP-U02821,AD-013,CMP-004,Bills,5000,2026-02-04 10:52:55
CONV-0247,CLK-004518,FNP-U07197,AD-005,CMP-002,Transfer,10000,2026-03-09 19:59:23
CONV-0248,CLK-003786,FNP-U07261,AD-009,CMP-003,Deposit,30000,2026-03-02 10:28:02
CONV-0249,CLK-000625,FNP-U00188,AD-002,CMP-001,Deposit,100000,2026-02-14 11:13:12
CONV-0250,CLK-005017,FNP-U01372,AD-005,CMP-002,Transfer,10000,2026-02-09 11:25:39
CONV-0251,CLK-005363,FNP-U09576,AD-008,CMP-002,Merchant,15000,2026-01-09 15:45:06
CONV-0252,CLK-005372,FNP-U02925,AD-003,CMP-001,Signup,0,2026-02-18 01:22:06
CONV-0253,CLK-000287,FNP-U01005,AD-020,CMP-005,Deposit,100000,2026-03-16 19:16:35
CONV-0254,CLK-001013,FNP-U00143,AD-006,CMP-002,Merchant,30000,2026-02-10 13:42:52
CONV-0255,CLK-003482,FNP-U07389,AD-021,CMP-006,Deposit,10000,2026-03-05 20:48:36
CONV-0256,CLK-000820,FNP-U09206,AD-015,CMP-004,Deposit,10000,2026-01-31 15:39:24
CONV-0257,CLK-005993,FNP-U03322,AD-002,CMP-001,Signup,0,2026-02-09 14:47:46
CONV-0258,CLK-005509,FNP-U04792,AD-017,CMP-005,Deposit,40000,2026-02-09 06:46:47
CONV-0259,CLK-003261,FNP-U00939,AD-024,CMP-006,Signup,0,2026-01-07 14:45:00
CONV-0260,CLK-000327,FNP-U04004,AD-014,CMP-004,Deposit,40000,2026-01-26 09:55:26
CONV-0261,CLK-002756,FNP-U08309,AD-015,CMP-004,Transfer,200000,2026-02-20 13:39:58
CONV-0262,CLK-002491,FNP-U09470,AD-018,CMP-005,Signup,0,2026-02-15 00:45:29
CONV-0263,CLK-003708,FNP-U09876,AD-010,CMP-003,Signup,0,2026-01-12 14:30:41
CONV-0264,CLK-005413,FNP-U02954,AD-007,CMP-002,Merchant,30000,2026-03-10 02:15:17
CONV-0265,CLK-004661,FNP-U05945,AD-018,CMP-005,Merchant,30000,2026-02-21 09:28:47
CONV-0266,CLK-002739,FNP-U09135,AD-015,CMP-004,Deposit,100000,2026-01-02 14:08:42
CONV-0267,CLK-002798,FNP-U06292,AD-010,CMP-003,Airtime,3000,2026-02-22 14:04:44
CONV-0268,CLK-000240,FNP-U07815,AD-021,CMP-006,Deposit,75000,2026-01-08 01:13:55
CONV-0269,CLK-003801,FNP-U01565,AD-021,CMP-006,Signup,0,2026-03-10 14:29:11
CONV-0270,CLK-002670,FNP-U09932,AD-011,CMP-003,Signup,0,2026-01-20 20:23:33
CONV-0271,CLK-002471,FNP-U01010,AD-016,CMP-004,Deposit,20000,2026-01-31 15:50:16
CONV-0272,CLK-000689,FNP-U08212,AD-013,CMP-004,Deposit,50000,2026-03-31 08:05:54
CONV-0273,CLK-001116,FNP-U06943,AD-013,CMP-004,Signup,0,2026-03-10 23:38:16
CONV-0274,CLK-004623,FNP-U03680,AD-019,CMP-005,Merchant,50000,2026-02-10 14:13:32
CONV-0275,CLK-005252,FNP-U02235,AD-017,CMP-005,Merchant,20000,2026-03-20 15:29:40
CONV-0276,CLK-001380,FNP-U03218,AD-005,CMP-002,Transfer,10000,2026-03-29 15:07:56
CONV-0277,CLK-005400,FNP-U07151,AD-015,CMP-004,Deposit,40000,2026-03-25 08:25:49
CONV-0278,CLK-002915,FNP-U09090,AD-013,CMP-004,Bills,7000,2026-03-19 14:34:54
CONV-0279,CLK-004976,FNP-U08515,AD-002,CMP-001,Signup,0,2026-02-26 10:45:57
CONV-0280,CLK-005640,FNP-U09844,AD-011,CMP-003,Signup,0,2026-03-06 19:12:32
CONV-0281,CLK-003983,FNP-U04177,AD-006,CMP-002,Merchant,5000,2026-03-24 11:57:19
CONV-0282,CLK-000587,FNP-U04710,AD-004,CMP-001,Signup,0,2026-01-27 15:02:45
CONV-0283,CLK-004006,FNP-U03716,AD-022,CMP-006,Bills,7000,2026-01-22 22:29:37
CONV-0284,CLK-003574,FNP-U02803,AD-008,CMP-002,Deposit,40000,2026-02-14 19:31:31
CONV-0285,CLK-001183,FNP-U07525,AD-004,CMP-001,Signup,0,2026-01-28 20:14:31
CONV-0286,CLK-004168,FNP-U07706,AD-013,CMP-004,Bills,10000,2026-01-17 22:55:29
CONV-0287,CLK-001759,FNP-U04733,AD-008,CMP-002,Deposit,50000,2026-03-24 19:12:56
CONV-0288,CLK-001830,FNP-U04975,AD-004,CMP-001,Deposit,30000,2026-01-25 07:20:42
CONV-0289,CLK-004543,FNP-U09853,AD-001,CMP-001,Signup,0,2026-03-29 01:27:18
CONV-0290,CLK-004361,FNP-U03341,AD-006,CMP-002,Merchant,5000,2026-01-02 15:31:40
CONV-0291,CLK-001027,FNP-U07976,AD-004,CMP-001,Signup,0,2026-01-30 07:00:01
CONV-0292,CLK-002080,FNP-U07462,AD-006,CMP-002,Merchant,5000,2026-01-19 15:18:51
CONV-0293,CLK-001859,FNP-U01791,AD-011,CMP-003,Signup,0,2026-02-21 10:50:26
CONV-0294,CLK-000361,FNP-U08539,AD-016,CMP-004,Bills,10000,2026-03-16 10:34:59
CONV-0295,CLK-004254,FNP-U05230,AD-016,CMP-004,Deposit,100000,2026-03-03 10:22:08
CONV-0296,CLK-002279,FNP-U09687,AD-002,CMP-001,Deposit,40000,2026-02-16 08:05:21
CONV-0297,CLK-005087,FNP-U09557,AD-019,CMP-005,Merchant,10000,2026-03-28 14:56:07
CONV-0298,CLK-002115,FNP-U09574,AD-016,CMP-004,Deposit,75000,2026-01-09 07:51:51
CONV-0299,CLK-003740,FNP-U08577,AD-017,CMP-005,Signup,0,2026-03-11 19:37:28
CONV-0300,CLK-000881,FNP-U01963,AD-015,CMP-004,Deposit,5000,2026-01-24 22:02:00
CONV-0301,CLK-005044,FNP-U07016,AD-010,CMP-003,Signup,0,2026-02-09 22:01:08
CONV-0302,CLK-004811,FNP-U04049,AD-001,CMP-001,Signup,0,2026-01-29 07:38:34
CONV-0303,CLK-002422,FNP-U00362,AD-008,CMP-002,Bills,5000,2026-03-06 06:57:11
CONV-0304,CLK-002043,FNP-U06794,AD-018,CMP-005,Merchant,20000,2026-02-22 07:06:53
CONV-0305,CLK-002196,FNP-U09555,AD-004,CMP-001,Signup,0,2026-03-28 11:18:52
CONV-0306,CLK-004384,FNP-U01248,AD-010,CMP-003,Signup,0,2026-03-28 15:38:59
CONV-0307,CLK-000477,FNP-U07765,AD-009,CMP-003,Deposit,10000,2026-03-07 10:49:01
CONV-0308,CLK-000641,FNP-U01823,AD-022,CMP-006,Deposit,5000,2026-01-02 11:38:26
CONV-0309,CLK-003487,FNP-U01253,AD-018,CMP-005,Merchant,50000,2026-03-26 11:24:57
CONV-0310,CLK-002181,FNP-U05266,AD-021,CMP-006,Signup,0,2026-01-24 14:39:46
CONV-0311,CLK-001963,FNP-U06987,AD-011,CMP-003,Deposit,25000,2026-02-21 19:36:34
CONV-0312,CLK-002696,FNP-U04516,AD-001,CMP-001,Signup,0,2026-02-09 14:18:29
CONV-0313,CLK-000174,FNP-U03957,AD-010,CMP-003,Signup,0,2026-03-09 15:38:09
CONV-0314,CLK-003646,FNP-U03625,AD-020,CMP-005,Signup,0,2026-01-21 14:54:24
CONV-0315,CLK-005966,FNP-U04452,AD-003,CMP-001,Deposit,100000,2026-03-01 11:07:57
CONV-0316,CLK-004026,FNP-U03785,AD-002,CMP-001,Signup,0,2026-03-29 10:35:56
CONV-0317,CLK-001330,FNP-U06514,AD-006,CMP-002,Transfer,10000,2026-03-26 20:19:15
CONV-0318,CLK-000213,FNP-U04319,AD-018,CMP-005,Transfer,75000,2026-01-07 07:09:49
CONV-0319,CLK-004875,FNP-U07367,AD-010,CMP-003,Deposit,20000,2026-02-20 10:00:10
CONV-0320,CLK-003355,FNP-U06816,AD-004,CMP-001,Signup,0,2026-01-15 19:19:35
CONV-0321,CLK-000894,FNP-U05687,AD-009,CMP-003,Deposit,5000,2026-01-18 19:28:37
CONV-0322,CLK-002480,FNP-U05771,AD-001,CMP-001,Signup,0,2026-01-12 20:25:20
CONV-0323,CLK-005339,FNP-U00900,AD-002,CMP-001,Signup,0,2026-03-24 21:35:20
CONV-0324,CLK-003071,FNP-U00300,AD-006,CMP-002,Transfer,200000,2026-01-23 14:39:09
CONV-0325,CLK-001951,FNP-U04686,AD-015,CMP-004,Bills,15000,2026-03-15 06:19:28
CONV-0326,CLK-000023,FNP-U09960,AD-017,CMP-005,Transfer,200000,2026-01-01 16:00:50
CONV-0327,CLK-003434,FNP-U00140,AD-020,CMP-005,Transfer,10000,2026-03-23 20:22:40
CONV-0328,CLK-001253,FNP-U04433,AD-003,CMP-001,Signup,0,2026-01-11 19:59:58
CONV-0329,CLK-004269,FNP-U08746,AD-008,CMP-002,Deposit,20000,2026-03-05 18:10:50
CONV-0330,CLK-002053,FNP-U04411,AD-001,CMP-001,Signup,0,2026-03-02 18:14:55
CONV-0331,CLK-005860,FNP-U09783,AD-021,CMP-006,Signup,0,2026-03-23 14:44:36
CONV-0332,CLK-001652,FNP-U05084,AD-005,CMP-002,Transfer,50000,2026-01-07 02:17:44
CONV-0333,CLK-000823,FNP-U06551,AD-002,CMP-001,Signup,0,2026-03-28 14:45:06
CONV-0334,CLK-003536,FNP-U09856,AD-004,CMP-001,Signup,0,2026-02-26 15:19:00
CONV-0335,CLK-004935,FNP-U07054,AD-004,CMP-001,Signup,0,2026-03-02 07:05:48
CONV-0336,CLK-002465,FNP-U04897,AD-014,CMP-004,Deposit,20000,2026-03-28 09:51:36
CONV-0337,CLK-005624,FNP-U06981,AD-022,CMP-006,Signup,0,2026-02-11 22:43:44
CONV-0338,CLK-000830,FNP-U04168,AD-005,CMP-002,Transfer,10000,2026-01-02 13:55:11
CONV-0339,CLK-001687,FNP-U07434,AD-014,CMP-004,Signup,0,2026-01-17 15:15:43
CONV-0340,CLK-001492,FNP-U05220,AD-008,CMP-002,Merchant,10000,2026-01-21 14:47:17
CONV-0341,CLK-001293,FNP-U09323,AD-004,CMP-001,Signup,0,2026-02-03 01:11:31
CONV-0342,CLK-005002,FNP-U03665,AD-021,CMP-006,Signup,0,2026-03-11 19:48:00
CONV-0343,CLK-003381,FNP-U00269,AD-008,CMP-002,Merchant,30000,2026-03-06 08:07:41
CONV-0344,CLK-004536,FNP-U09062,AD-003,CMP-001,Signup,0,2026-03-15 15:27:24
CONV-0345,CLK-002790,FNP-U01080,AD-019,CMP-005,Merchant,10000,2026-02-20 06:29:51
CONV-0346,CLK-000585,FNP-U01787,AD-020,CMP-005,Merchant,5000,2026-02-22 22:54:16
CONV-0347,CLK-005016,FNP-U03381,AD-005,CMP-002,Deposit,10000,2026-01-23 19:57:09
CONV-0348,CLK-000404,FNP-U08917,AD-008,CMP-002,Deposit,30000,2026-03-26 07:01:01
CONV-0349,CLK-001117,FNP-U03716,AD-006,CMP-002,Bills,15000,2026-03-26 10:07:54
CONV-0350,CLK-003685,FNP-U04576,AD-008,CMP-002,Merchant,30000,2026-03-10 10:39:29
CONV-0351,CLK-002264,FNP-U03534,AD-022,CMP-006,Signup,0,2026-03-15 00:57:40
CONV-0352,CLK-005001,FNP-U09222,AD-001,CMP-001,Signup,0,2026-01-11 07:57:05
CONV-0353,CLK-004859,FNP-U06832,AD-013,CMP-004,Deposit,10000,2026-01-05 19:52:44
CONV-0354,CLK-005074,FNP-U00680,AD-014,CMP-004,Deposit,40000,2026-01-04 14:54:52
CONV-0355,CLK-002578,FNP-U06835,AD-019,CMP-005,Transfer,100000,2026-03-19 15:03:13
CONV-0356,CLK-001347,FNP-U05442,AD-016,CMP-004,Signup,0,2026-01-02 10:56:38
CONV-0357,CLK-001251,FNP-U02270,AD-003,CMP-001,Signup,0,2026-01-08 21:17:44
CONV-0358,CLK-000659,FNP-U07662,AD-017,CMP-005,Transfer,20000,2026-01-22 18:46:11
CONV-0359,CLK-004684,FNP-U04019,AD-013,CMP-004,Deposit,20000,2026-03-16 13:37:42
CONV-0360,CLK-005792,FNP-U09914,AD-001,CMP-001,Deposit,30000,2026-01-10 11:07:14
CONV-0361,CLK-002064,FNP-U07052,AD-015,CMP-004,Deposit,40000,2026-02-06 07:32:21
CONV-0362,CLK-002845,FNP-U05060,AD-020,CMP-005,Merchant,30000,2026-01-16 10:33:35
CONV-0363,CLK-000172,FNP-U09059,AD-014,CMP-004,Deposit,25000,2026-03-15 21:26:30
CONV-0364,CLK-003836,FNP-U04081,AD-008,CMP-002,Transfer,100000,2026-03-22 20:27:43
CONV-0365,CLK-000961,FNP-U07996,AD-004,CMP-001,Signup,0,2026-01-25 19:47:04
CONV-0366,CLK-002530,FNP-U05658,AD-017,CMP-005,Merchant,20000,2026-01-27 14:59:35
CONV-0367,CLK-001739,FNP-U00705,AD-001,CMP-001,Deposit,50000,2026-01-11 14:17:36
CONV-0368,CLK-002360,FNP-U04511,AD-004,CMP-001,Signup,0,2026-03-06 13:52:37
CONV-0369,CLK-002799,FNP-U03108,AD-004,CMP-001,Signup,0,2026-01-02 19:35:28
CONV-0370,CLK-002822,FNP-U08943,AD-008,CMP-002,Transfer,10000,2026-03-31 20:21:47
CONV-0371,CLK-002062,FNP-U07920,AD-006,CMP-002,Deposit,25000,2026-01-07 15:04:45
CONV-0372,CLK-005848,FNP-U06771,AD-002,CMP-001,Signup,0,2026-02-16 09:46:45
CONV-0373,CLK-003745,FNP-U03875,AD-001,CMP-001,Signup,0,2026-02-17 15:19:51
CONV-0374,CLK-003214,FNP-U04478,AD-005,CMP-002,Deposit,100000,2026-01-01 22:03:24
CONV-0375,CLK-003791,FNP-U03945,AD-004,CMP-001,Deposit,50000,2026-02-07 23:11:48
CONV-0376,CLK-002304,FNP-U06968,AD-006,CMP-002,Transfer,10000,2026-03-21 19:52:54
CONV-0377,CLK-003590,FNP-U03371,AD-006,CMP-002,Deposit,50000,2026-03-07 15:44:32
CONV-0378,CLK-001763,FNP-U00660,AD-001,CMP-001,Signup,0,2026-02-22 08:30:30
CONV-0379,CLK-005314,FNP-U01951,AD-015,CMP-004,Bills,5000,2026-03-19 14:20:42
CONV-0380,CLK-002999,FNP-U07633,AD-017,CMP-005,Signup,0,2026-02-16 21:38:54
CONV-0381,CLK-004910,FNP-U05340,AD-010,CMP-003,Signup,0,2026-02-01 15:29:07
CONV-0382,CLK-001198,FNP-U00676,AD-006,CMP-002,Deposit,25000,2026-03-04 14:07:28
CONV-0383,CLK-003182,FNP-U05912,AD-014,CMP-004,Bills,5000,2026-02-20 11:10:30
CONV-0384,CLK-000893,FNP-U04335,AD-019,CMP-005,Deposit,100000,2026-03-25 23:52:06
CONV-0385,CLK-000747,FNP-U01776,AD-017,CMP-005,Merchant,10000,2026-03-27 10:58:42
CONV-0386,CLK-001839,FNP-U07240,AD-013,CMP-004,Deposit,30000,2026-02-10 20:00:31
CONV-0387,CLK-002815,FNP-U02235,AD-004,CMP-001,Airtime,3000,2026-01-23 19:28:49
CONV-0388,CLK-001679,FNP-U03246,AD-008,CMP-002,Transfer,20000,2026-03-26 10:41:20
CONV-0389,CLK-004773,FNP-U03791,AD-017,CMP-005,Deposit,25000,2026-03-15 20:33:54
CONV-0390,CLK-001595,FNP-U00779,AD-002,CMP-001,Signup,0,2026-01-06 09:55:25
CONV-0391,CLK-005956,FNP-U09911,AD-004,CMP-001,Signup,0,2026-01-12 13:44:09
CONV-0392,CLK-000497,FNP-U07758,AD-006,CMP-002,Merchant,20000,2026-01-28 08:04:11
CONV-0393,CLK-000837,FNP-U06410,AD-001,CMP-001,Signup,0,2026-01-27 21:26:58
CONV-0394,CLK-004552,FNP-U06205,AD-012,CMP-003,Deposit,30000,2026-03-18 22:53:49
CONV-0395,CLK-001445,FNP-U03630,AD-014,CMP-004,Signup,0,2026-01-14 20:13:04
CONV-0396,CLK-002005,FNP-U06559,AD-004,CMP-001,Signup,0,2026-02-27 15:15:44
CONV-0397,CLK-002197,FNP-U08544,AD-017,CMP-005,Deposit,20000,2026-02-22 07:43:21
CONV-0398,CLK-002925,FNP-U00880,AD-015,CMP-004,Deposit,5000,2026-02-03 22:30:25
CONV-0399,CLK-005604,FNP-U09479,AD-009,CMP-003,Signup,0,2026-01-01 22:15:15
CONV-0400,CLK-000128,FNP-U09980,AD-006,CMP-002,Deposit,75000,2026-02-25 08:20:17
CONV-0401,CLK-003944,FNP-U02452,AD-013,CMP-004,Deposit,30000,2026-03-21 23:26:07
CONV-0402,CLK-001010,FNP-U01656,AD-018,CMP-005,Merchant,15000,2026-02-13 14:11:27
CONV-0403,CLK-005676,FNP-U07160,AD-007,CMP-002,Merchant,15000,2026-01-10 15:29:36
CONV-0404,CLK-001479,FNP-U03376,AD-020,CMP-005,Transfer,10000,2026-02-19 11:32:30
CONV-0405,CLK-003296,FNP-U03800,AD-005,CMP-002,Transfer,50000,2026-01-25 18:32:58
CONV-0406,CLK-001660,FNP-U06045,AD-006,CMP-002,Deposit,50000,2026-01-10 10:06:00
CONV-0407,CLK-002792,FNP-U06466,AD-010,CMP-003,Signup,0,2026-01-10 14:41:35
CONV-0408,CLK-002050,FNP-U09091,AD-007,CMP-002,Deposit,15000,2026-01-25 10:18:26
CONV-0409,CLK-004852,FNP-U05299,AD-015,CMP-004,Signup,0,2026-03-22 23:20:11
CONV-0410,CLK-005448,FNP-U04558,AD-017,CMP-005,Signup,0,2026-02-25 21:52:09
CONV-0411,CLK-004654,FNP-U04172,AD-021,CMP-006,Signup,0,2026-03-01 20:33:17
CONV-0412,CLK-001150,FNP-U09854,AD-008,CMP-002,Merchant,30000,2026-02-01 19:51:14
CONV-0413,CLK-003505,FNP-U03581,AD-013,CMP-004,Bills,7000,2026-02-21 14:42:33
CONV-0414,CLK-000699,FNP-U00004,AD-002,CMP-001,Deposit,10000,2026-01-09 10:42:30
CONV-0415,CLK-005315,FNP-U08003,AD-014,CMP-004,Bills,10000,2026-03-12 10:14:51
CONV-0416,CLK-000316,FNP-U07222,AD-002,CMP-001,Signup,0,2026-02-07 15:40:10
CONV-0417,CLK-004551,FNP-U03145,AD-021,CMP-006,Signup,0,2026-02-25 14:03:58
CONV-0418,CLK-004391,FNP-U02907,AD-017,CMP-005,Transfer,20000,2026-02-25 22:38:07
CONV-0419,CLK-003116,FNP-U07312,AD-009,CMP-003,Deposit,30000,2026-02-18 10:09:27
CONV-0420,CLK-001385,FNP-U07647,AD-001,CMP-001,Signup,0,2026-01-20 19:59:53
